time,V(vc)
0.000000000000000e+00,0.000000e+00
1.000000000000000e-12,5.001000e-09
1.425254878815073e-06,1.424232e-02
2.850508757630145e-06,2.846442e-02
4.275762636445218e-06,4.266631e-02
5.701016515260291e-06,5.684799e-02
7.126270394075364e-06,7.100945e-02
8.551524272890434e-06,8.515071e-02
9.976778151705504e-06,9.927174e-02
9.986778151705504e-06,9.937076e-02
2.022677815170625e-05,2.002359e-01
3.046677815170788e-05,3.000734e-01
4.070677815170952e-05,3.988939e-01
5.094677815171115e-05,4.967075e-01
6.118677815171268e-05,5.935247e-01
7.142677815170738e-05,6.893555e-01
8.166677815170208e-05,7.842100e-01
9.190677815169678e-05,8.780982e-01
1.021467781516915e-04,9.710298e-01
1.123867781516862e-04,1.063015e+00
1.226267781516809e-04,1.154063e+00
1.328667781516756e-04,1.244183e+00
1.431067781516703e-04,1.333385e+00
1.533467781516650e-04,1.421678e+00
1.635867781516597e-04,1.509072e+00
1.738267781516544e-04,1.595575e+00
1.840667781516491e-04,1.681198e+00
1.943067781516438e-04,1.765947e+00
2.045467781516385e-04,1.849834e+00
2.147867781516331e-04,1.932866e+00
2.250267781516278e-04,2.015052e+00
2.352667781516225e-04,2.096400e+00
2.455067781516172e-04,2.176920e+00
2.557467781516119e-04,2.256620e+00
2.659867781516066e-04,2.335507e+00
2.762267781516013e-04,2.413591e+00
2.864667781515960e-04,2.490880e+00
2.967067781515907e-04,2.567381e+00
3.069467781515854e-04,2.643102e+00
3.171867781515801e-04,2.718053e+00
3.274267781515748e-04,2.792239e+00
3.376667781515695e-04,2.865670e+00
3.479067781515642e-04,2.938353e+00
3.581467781515589e-04,3.010295e+00
3.683867781515536e-04,3.081505e+00
3.786267781515483e-04,3.151989e+00
3.888667781515430e-04,3.221754e+00
3.991067781515377e-04,3.290809e+00
4.093467781515324e-04,3.359161e+00
4.195867781515271e-04,3.426816e+00
4.298267781515218e-04,3.493782e+00
4.400667781515165e-04,3.560066e+00
4.503067781515112e-04,3.625674e+00
4.605467781515059e-04,3.690614e+00
4.707867781515006e-04,3.754893e+00
4.810267781514953e-04,3.818516e+00
4.912667781515062e-04,3.881492e+00
5.015067781515564e-04,3.943825e+00
5.117467781516066e-04,4.005524e+00
5.219867781516568e-04,4.066595e+00
5.322267781517070e-04,4.127043e+00
5.424667781517572e-04,4.186875e+00
5.527067781518075e-04,4.246098e+00
5.629467781518577e-04,4.304717e+00
5.731867781519079e-04,4.362739e+00
5.834267781519581e-04,4.420170e+00
5.936667781520083e-04,4.477016e+00
6.039067781520585e-04,4.533283e+00
6.141467781521087e-04,4.588976e+00
6.243867781521589e-04,4.644103e+00
6.346267781522091e-04,4.698667e+00
6.448667781522593e-04,4.752676e+00
6.551067781523095e-04,4.806134e+00
6.653467781523598e-04,4.859048e+00
6.755867781524100e-04,4.911423e+00
6.858267781524602e-04,4.963264e+00
6.960667781525104e-04,5.014577e+00
7.063067781525606e-04,5.065367e+00
7.165467781526108e-04,5.115640e+00
7.267867781526610e-04,5.165401e+00
7.370267781527112e-04,5.214654e+00
7.472667781527614e-04,5.263406e+00
7.575067781528116e-04,5.311661e+00
7.677467781528618e-04,5.359425e+00
7.779867781529120e-04,5.406702e+00
7.882267781529623e-04,5.453497e+00
7.984667781530125e-04,5.499816e+00
8.087067781530627e-04,5.545662e+00
8.189467781531129e-04,5.591043e+00
8.291867781531631e-04,5.635960e+00
8.394267781532133e-04,5.680419e+00
8.496667781532635e-04,5.724426e+00
8.599067781533137e-04,5.767985e+00
8.701467781533639e-04,5.811100e+00
8.803867781534141e-04,5.853775e+00
8.906267781534643e-04,5.896016e+00
9.008667781535146e-04,5.937826e+00
9.111067781535648e-04,5.979210e+00
9.213467781536150e-04,6.020173e+00
9.315867781536652e-04,6.060719e+00
9.418267781537154e-04,6.100851e+00
9.520667781537656e-04,6.140574e+00
9.623067781538158e-04,6.179893e+00
9.725467781538660e-04,6.218812e+00
9.827867781538487e-04,6.257334e+00
9.930267781537879e-04,6.295463e+00
1.003266778153727e-03,6.333204e+00
1.013506778153666e-03,6.370560e+00
1.023746778153605e-03,6.407536e+00
1.033986778153545e-03,6.444135e+00
1.044226778153484e-03,6.480361e+00
1.054466778153423e-03,6.516219e+00
1.064706778153362e-03,6.551711e+00
1.074946778153301e-03,6.586841e+00
1.085186778153241e-03,6.621613e+00
1.095426778153180e-03,6.656031e+00
1.105666778153119e-03,6.690099e+00
1.115906778153058e-03,6.723819e+00
1.126146778152997e-03,6.757196e+00
1.136386778152936e-03,6.790233e+00
1.146626778152876e-03,6.822933e+00
1.156866778152815e-03,6.855300e+00
1.167106778152754e-03,6.887338e+00
1.177346778152693e-03,6.919049e+00
1.187586778152632e-03,6.950437e+00
1.197826778152572e-03,6.981505e+00
1.208066778152511e-03,7.012257e+00
1.218306778152450e-03,7.042695e+00
1.228546778152389e-03,7.072824e+00
1.238786778152328e-03,7.102645e+00
1.249026778152268e-03,7.132163e+00
1.259266778152207e-03,7.161379e+00
1.269506778152146e-03,7.190298e+00
1.279746778152085e-03,7.218923e+00
1.289986778152024e-03,7.247256e+00
1.300226778151963e-03,7.275300e+00
1.310466778151903e-03,7.303059e+00
1.320706778151842e-03,7.330534e+00
1.330946778151781e-03,7.357730e+00
1.341186778151720e-03,7.384649e+00
1.351426778151659e-03,7.411294e+00
1.361666778151599e-03,7.437666e+00
1.371906778151538e-03,7.463771e+00
1.382146778151477e-03,7.489610e+00
1.392386778151416e-03,7.515185e+00
1.402626778151355e-03,7.540499e+00
1.412866778151295e-03,7.565556e+00
1.423106778151234e-03,7.590358e+00
1.433346778151173e-03,7.614906e+00
1.443586778151112e-03,7.639205e+00
1.453826778151051e-03,7.663257e+00
1.464066778150990e-03,7.687063e+00
1.474306778150930e-03,7.710626e+00
1.484546778150869e-03,7.733950e+00
1.494786778150808e-03,7.757036e+00
1.505026778150747e-03,7.779887e+00
1.515266778150686e-03,7.802505e+00
1.525506778150626e-03,7.824892e+00
1.535746778150565e-03,7.847052e+00
1.545986778150504e-03,7.868985e+00
1.556226778150443e-03,7.890696e+00
1.566466778150382e-03,7.912184e+00
1.576706778150322e-03,7.933455e+00
1.586946778150261e-03,7.954508e+00
1.597186778150200e-03,7.975347e+00
1.607426778150139e-03,7.995974e+00
1.617666778150078e-03,8.016390e+00
1.627906778150017e-03,8.036599e+00
1.638146778149957e-03,8.056602e+00
1.648386778149896e-03,8.076400e+00
1.658626778149835e-03,8.095998e+00
1.668866778149774e-03,8.115395e+00
1.679106778149713e-03,8.134595e+00
1.689346778149653e-03,8.153599e+00
1.699586778149592e-03,8.172410e+00
1.709826778149531e-03,8.191029e+00
1.720066778149470e-03,8.209458e+00
1.730306778149409e-03,8.227699e+00
1.740546778149348e-03,8.245755e+00
1.750786778149288e-03,8.263627e+00
1.761026778149227e-03,8.281317e+00
1.771266778149166e-03,8.298826e+00
1.781506778149105e-03,8.316157e+00
1.791746778149044e-03,8.333312e+00
1.801986778148984e-03,8.350292e+00
1.812226778148923e-03,8.367099e+00
1.822466778148862e-03,8.383735e+00
1.832706778148801e-03,8.400201e+00
1.842946778148740e-03,8.416499e+00
1.853186778148680e-03,8.432631e+00
1.863426778148619e-03,8.448599e+00
1.873666778148558e-03,8.464404e+00
1.883906778148497e-03,8.480049e+00
1.894146778148436e-03,8.495534e+00
1.904386778148375e-03,8.510860e+00
1.914626778148315e-03,8.526031e+00
1.924866778148254e-03,8.541048e+00
1.935106778148193e-03,8.555911e+00
1.945346778148132e-03,8.570623e+00
1.955586778148072e-03,8.585186e+00
1.965826778148011e-03,8.599600e+00
1.976066778147950e-03,8.613867e+00
1.986306778147889e-03,8.627988e+00
1.996546778147828e-03,8.641966e+00
2.006786778147768e-03,8.655801e+00
2.017026778147707e-03,8.669496e+00
2.027266778147646e-03,8.683050e+00
2.037506778147585e-03,8.696467e+00
2.047746778147524e-03,8.709747e+00
2.057986778147463e-03,8.722892e+00
2.068226778147403e-03,8.735903e+00
2.078466778147342e-03,8.748781e+00
2.088706778147281e-03,8.761528e+00
2.098946778147220e-03,8.774145e+00
2.109186778147159e-03,8.786634e+00
2.119426778147099e-03,8.798995e+00
2.129666778147038e-03,8.811231e+00
2.139906778146977e-03,8.823342e+00
2.150146778146916e-03,8.835329e+00
2.160386778146855e-03,8.847195e+00
2.170626778146795e-03,8.858939e+00
2.180866778146734e-03,8.870564e+00
2.191106778146673e-03,8.882071e+00
2.201346778146612e-03,8.893459e+00
2.211586778146551e-03,8.904733e+00
2.221826778146490e-03,8.915891e+00
2.232066778146430e-03,8.926936e+00
2.242306778146369e-03,8.937868e+00
2.252546778146308e-03,8.948689e+00
2.262786778146247e-03,8.959399e+00
2.273026778146186e-03,8.970000e+00
2.283266778146126e-03,8.980494e+00
2.293506778146065e-03,8.990880e+00
2.303746778146004e-03,9.001161e+00
2.313986778145943e-03,9.011337e+00
2.324226778145882e-03,9.021409e+00
2.334466778145822e-03,9.031379e+00
2.344706778145761e-03,9.041247e+00
2.354946778145700e-03,9.051015e+00
2.365186778145639e-03,9.060682e+00
2.375426778145578e-03,9.070252e+00
2.385666778145517e-03,9.079724e+00
2.395906778145457e-03,9.089100e+00
2.406146778145396e-03,9.098379e+00
2.416386778145335e-03,9.107565e+00
2.426626778145274e-03,9.116657e+00
2.436866778145213e-03,9.125656e+00
2.447106778145153e-03,9.134563e+00
2.457346778145092e-03,9.143381e+00
2.467586778145031e-03,9.152108e+00
2.477826778144970e-03,9.160746e+00
2.488066778144909e-03,9.169296e+00
2.498306778144849e-03,9.177759e+00
2.508546778144788e-03,9.186135e+00
2.518786778144727e-03,9.194427e+00
2.529026778144666e-03,9.202634e+00
2.539266778144605e-03,9.210757e+00
2.549506778144544e-03,9.218798e+00
2.559746778144484e-03,9.226757e+00
2.569986778144423e-03,9.234634e+00
2.580226778144362e-03,9.242432e+00
2.590466778144301e-03,9.250150e+00
2.600706778144240e-03,9.257789e+00
2.610946778144180e-03,9.265350e+00
2.621186778144119e-03,9.272835e+00
2.631426778144058e-03,9.280243e+00
2.641666778143997e-03,9.287576e+00
2.651906778143936e-03,9.294834e+00
2.662146778143876e-03,9.302018e+00
2.672386778143815e-03,9.309129e+00
2.682626778143754e-03,9.316167e+00
2.692866778143693e-03,9.323133e+00
2.703106778143632e-03,9.330029e+00
2.713346778143571e-03,9.336855e+00
2.723586778143511e-03,9.343611e+00
2.733826778143450e-03,9.350298e+00
2.744066778143389e-03,9.356917e+00
2.754306778143328e-03,9.363469e+00
2.764546778143267e-03,9.369953e+00
2.774786778143207e-03,9.376372e+00
2.785026778143146e-03,9.382726e+00
2.795266778143085e-03,9.389014e+00
2.805506778143024e-03,9.395239e+00
2.815746778142963e-03,9.401400e+00
2.825986778142902e-03,9.407498e+00
2.836226778142842e-03,9.413535e+00
2.846466778142781e-03,9.419509e+00
2.856706778142720e-03,9.425424e+00
2.866946778142659e-03,9.431277e+00
2.877186778142598e-03,9.437071e+00
2.887426778142538e-03,9.442806e+00
2.897666778142477e-03,9.448483e+00
2.907906778142416e-03,9.454102e+00
2.918146778142355e-03,9.459662e+00
2.928386778142294e-03,9.465167e+00
2.938626778142234e-03,9.470616e+00
2.948866778142173e-03,9.476009e+00
2.959106778142112e-03,9.481348e+00
2.969346778142051e-03,9.486631e+00
2.979586778141990e-03,9.491861e+00
2.989826778141929e-03,9.497039e+00
3.000066778141869e-03,9.502163e+00
3.010306778141808e-03,9.507235e+00
3.020546778141747e-03,9.512255e+00
3.030786778141686e-03,9.517223e+00
3.041026778141625e-03,9.522142e+00
3.051266778141565e-03,9.527010e+00
3.061506778141504e-03,9.531829e+00
3.071746778141443e-03,9.536598e+00
3.081986778141382e-03,9.541320e+00
3.092226778141321e-03,9.545993e+00
3.102466778141261e-03,9.550618e+00
3.112706778141200e-03,9.555196e+00
3.122946778141139e-03,9.559728e+00
3.133186778141078e-03,9.564213e+00
3.143426778141017e-03,9.568653e+00
3.153666778140956e-03,9.573047e+00
3.163906778140896e-03,9.577396e+00
3.174146778140835e-03,9.581702e+00
3.184386778140774e-03,9.585963e+00
3.194626778140713e-03,9.590181e+00
3.204866778140652e-03,9.594357e+00
3.215106778140592e-03,9.598490e+00
3.225346778140531e-03,9.602580e+00
3.235586778140470e-03,9.606628e+00
3.245826778140409e-03,9.610637e+00
3.256066778140348e-03,9.614603e+00
3.266306778140288e-03,9.618529e+00
3.276546778140227e-03,9.622416e+00
3.286786778140166e-03,9.626263e+00
3.297026778140105e-03,9.630070e+00
3.307266778140044e-03,9.633839e+00
3.317506778139983e-03,9.637569e+00
3.327746778139923e-03,9.641261e+00
3.337986778139862e-03,9.644917e+00
3.348226778139801e-03,9.648534e+00
3.358466778139740e-03,9.652115e+00
3.368706778139679e-03,9.655659e+00
3.378946778139619e-03,9.659166e+00
3.389186778139558e-03,9.662639e+00
3.399426778139497e-03,9.666076e+00
3.409666778139436e-03,9.669477e+00
3.419906778139375e-03,9.672845e+00
3.430146778139315e-03,9.676178e+00
3.440386778139254e-03,9.679477e+00
3.450626778139193e-03,9.682742e+00
3.460866778139132e-03,9.685975e+00
3.471106778139071e-03,9.689174e+00
3.481346778139010e-03,9.692341e+00
3.491586778138950e-03,9.695475e+00
3.501826778138889e-03,9.698577e+00
3.512066778138828e-03,9.701648e+00
3.522306778138767e-03,9.704688e+00
3.532546778138706e-03,9.707696e+00
3.542786778138646e-03,9.710674e+00
3.553026778138585e-03,9.713622e+00
3.563266778138524e-03,9.716539e+00
3.573506778138463e-03,9.719427e+00
3.583746778138402e-03,9.722285e+00
3.593986778138341e-03,9.725115e+00
3.604226778138281e-03,9.727915e+00
3.614466778138220e-03,9.730687e+00
3.624706778138159e-03,9.733431e+00
3.634946778138098e-03,9.736147e+00
3.645186778138037e-03,9.738834e+00
3.655426778137977e-03,9.741495e+00
3.665666778137916e-03,9.744129e+00
3.675906778137855e-03,9.746736e+00
3.686146778137794e-03,9.749316e+00
3.696386778137733e-03,9.751870e+00
3.706626778137673e-03,9.754397e+00
3.716866778137612e-03,9.756900e+00
3.727106778137551e-03,9.759377e+00
3.737346778137490e-03,9.761827e+00
3.747586778137429e-03,9.764255e+00
3.757826778137368e-03,9.766656e+00
3.768066778137308e-03,9.769033e+00
3.778306778137247e-03,9.771386e+00
3.788546778137186e-03,9.773715e+00
3.798786778137125e-03,9.776021e+00
3.809026778137064e-03,9.778302e+00
3.819266778137004e-03,9.780561e+00
3.829506778136943e-03,9.782797e+00
3.839746778136882e-03,9.785009e+00
3.849986778136821e-03,9.787200e+00
3.860226778136760e-03,9.789368e+00
3.870466778136700e-03,9.791513e+00
3.880706778136639e-03,9.793637e+00
3.890946778136578e-03,9.795740e+00
3.901186778136517e-03,9.797821e+00
3.911426778136456e-03,9.799881e+00
3.921666778136395e-03,9.801920e+00
3.931906778136335e-03,9.803938e+00
3.942146778136274e-03,9.805935e+00
3.952386778136213e-03,9.807912e+00
3.962626778136152e-03,9.809869e+00
3.972866778136091e-03,9.811806e+00
3.983106778136031e-03,9.813724e+00
3.993346778135970e-03,9.815621e+00
4.003586778135909e-03,9.817499e+00
4.013826778135848e-03,9.819359e+00
4.024066778135787e-03,9.821199e+00
4.034306778135727e-03,9.823021e+00
4.044546778135666e-03,9.824823e+00
4.054786778135605e-03,9.826609e+00
4.065026778135544e-03,9.828375e+00
4.075266778135483e-03,9.830123e+00
4.085506778135422e-03,9.831854e+00
4.095746778135362e-03,9.833567e+00
4.105986778135301e-03,9.835262e+00
4.116226778135240e-03,9.836941e+00
4.126466778135179e-03,9.838602e+00
4.136706778135118e-03,9.840246e+00
4.146946778135058e-03,9.841874e+00
4.157186778134997e-03,9.843485e+00
4.167426778134936e-03,9.845079e+00
4.177666778134875e-03,9.846658e+00
4.187906778134814e-03,9.848220e+00
4.198146778134754e-03,9.849766e+00
4.208386778134693e-03,9.851296e+00
4.218626778134632e-03,9.852812e+00
4.228866778134571e-03,9.854311e+00
4.239106778134510e-03,9.855795e+00
4.249346778134449e-03,9.857265e+00
4.259586778134389e-03,9.858719e+00
4.269826778134328e-03,9.860158e+00
4.280066778134267e-03,9.861583e+00
4.290306778134206e-03,9.862993e+00
4.300546778134145e-03,9.864388e+00
4.310786778134085e-03,9.865770e+00
4.321026778134024e-03,9.867138e+00
4.331266778133963e-03,9.868491e+00
4.341506778133902e-03,9.869831e+00
4.351746778133841e-03,9.871157e+00
4.361986778133780e-03,9.872470e+00
4.372226778133720e-03,9.873769e+00
4.382466778133659e-03,9.875055e+00
4.392706778133598e-03,9.876328e+00
4.402946778133537e-03,9.877588e+00
4.413186778133476e-03,9.878835e+00
4.423426778133416e-03,9.880070e+00
4.433666778133355e-03,9.881291e+00
4.443906778133294e-03,9.882501e+00
4.454146778133233e-03,9.883698e+00
4.464386778133172e-03,9.884883e+00
4.474626778133112e-03,9.886055e+00
4.484866778133051e-03,9.887217e+00
4.495106778132990e-03,9.888365e+00
4.505346778132929e-03,9.889503e+00
4.515586778132868e-03,9.890628e+00
4.525826778132807e-03,9.891743e+00
4.536066778132747e-03,9.892845e+00
4.546306778132686e-03,9.893937e+00
4.556546778132625e-03,9.895018e+00
4.566786778132564e-03,9.896087e+00
4.577026778132503e-03,9.897145e+00
4.587266778132443e-03,9.898193e+00
4.597506778132382e-03,9.899231e+00
4.607746778132321e-03,9.900257e+00
4.617986778132260e-03,9.901274e+00
4.628226778132199e-03,9.902279e+00
4.638466778132139e-03,9.903275e+00
4.648706778132078e-03,9.904261e+00
4.658946778132017e-03,9.905235e+00
4.669186778131956e-03,9.906201e+00
4.679426778131895e-03,9.907157e+00
4.689666778131834e-03,9.908103e+00
4.699906778131774e-03,9.909039e+00
4.710146778131713e-03,9.909966e+00
4.720386778131652e-03,9.910883e+00
4.730626778131591e-03,9.911791e+00
4.740866778131530e-03,9.912689e+00
4.751106778131470e-03,9.913579e+00
4.761346778131409e-03,9.914459e+00
4.771586778131348e-03,9.915331e+00
4.781826778131287e-03,9.916193e+00
4.792066778131226e-03,9.917048e+00
4.802306778131166e-03,9.917892e+00
4.812546778131105e-03,9.918729e+00
4.822786778131044e-03,9.919557e+00
4.833026778130983e-03,9.920376e+00
4.843266778130922e-03,9.921187e+00
4.853506778130861e-03,9.921990e+00
4.863746778130801e-03,9.922785e+00
4.873986778130740e-03,9.923572e+00
4.884226778130679e-03,9.924351e+00
4.894466778130618e-03,9.925121e+00
4.904706778130557e-03,9.925884e+00
4.914946778130497e-03,9.926639e+00
4.925186778130436e-03,9.927386e+00
4.935426778130375e-03,9.928126e+00
4.945666778130314e-03,9.928859e+00
4.955906778130253e-03,9.929584e+00
4.966146778130193e-03,9.930301e+00
4.976386778130132e-03,9.931010e+00
4.986626778130071e-03,9.931713e+00
4.996866778130010e-03,9.932409e+00
5.007106778129949e-03,9.933098e+00
5.017346778129888e-03,9.933780e+00
5.027586778129828e-03,9.934454e+00
5.037826778129767e-03,9.935122e+00
5.048066778129706e-03,9.935782e+00
5.058306778129645e-03,9.936437e+00
5.068546778129584e-03,9.937084e+00
5.078786778129524e-03,9.937725e+00
5.089026778129463e-03,9.938360e+00
5.099266778129402e-03,9.938988e+00
5.109506778129341e-03,9.939610e+00
5.119746778129280e-03,9.940225e+00
5.129986778129219e-03,9.940834e+00
5.140226778129159e-03,9.941437e+00
5.150466778129098e-03,9.942033e+00
5.160706778129037e-03,9.942623e+00
5.170946778128976e-03,9.943208e+00
5.181186778128915e-03,9.943787e+00
5.191426778128855e-03,9.944360e+00
5.201666778128794e-03,9.944926e+00
5.211906778128733e-03,9.945487e+00
5.222146778128672e-03,9.946043e+00
5.232386778128611e-03,9.946592e+00
5.242626778128551e-03,9.947137e+00
5.252866778128490e-03,9.947675e+00
5.263106778128429e-03,9.948208e+00
5.273346778128368e-03,9.948736e+00
5.283586778128307e-03,9.949258e+00
5.293826778128246e-03,9.949775e+00
5.304066778128186e-03,9.950287e+00
5.314306778128125e-03,9.950793e+00
5.324546778128064e-03,9.951294e+00
5.334786778128003e-03,9.951791e+00
5.345026778127942e-03,9.952282e+00
5.355266778127882e-03,9.952768e+00
5.365506778127821e-03,9.953249e+00
5.375746778127760e-03,9.953726e+00
5.385986778127699e-03,9.954197e+00
5.396226778127638e-03,9.954663e+00
5.406466778127578e-03,9.955125e+00
5.416706778127517e-03,9.955583e+00
5.426946778127456e-03,9.956035e+00
5.437186778127395e-03,9.956483e+00
5.447426778127334e-03,9.956926e+00
5.457666778127273e-03,9.957365e+00
5.467906778127213e-03,9.957800e+00
5.478146778127152e-03,9.958229e+00
5.488386778127091e-03,9.958655e+00
5.498626778127030e-03,9.959076e+00
5.508866778126969e-03,9.959493e+00
5.519106778126909e-03,9.959906e+00
5.529346778126848e-03,9.960314e+00
5.539586778126787e-03,9.960718e+00
5.549826778126726e-03,9.961119e+00
5.560066778126665e-03,9.961514e+00
5.570306778126605e-03,9.961906e+00
5.580546778126544e-03,9.962295e+00
5.590786778126483e-03,9.962679e+00
5.601026778126422e-03,9.963059e+00
5.611266778126361e-03,9.963436e+00
5.621506778126300e-03,9.963808e+00
5.631746778126240e-03,9.964177e+00
5.641986778126179e-03,9.964541e+00
5.652226778126118e-03,9.964903e+00
5.662466778126057e-03,9.965261e+00
5.672706778125996e-03,9.965614e+00
5.682946778125936e-03,9.965965e+00
5.693186778125875e-03,9.966311e+00
5.703426778125814e-03,9.966655e+00
5.713666778125753e-03,9.966994e+00
5.723906778125692e-03,9.967331e+00
5.734146778125631e-03,9.967664e+00
5.744386778125571e-03,9.967993e+00
5.754626778125510e-03,9.968319e+00
5.764866778125449e-03,9.968642e+00
5.775106778125388e-03,9.968962e+00
5.785346778125327e-03,9.969277e+00
5.795586778125267e-03,9.969590e+00
5.805826778125206e-03,9.969900e+00
5.816066778125145e-03,9.970207e+00
5.826306778125084e-03,9.970510e+00
5.836546778125023e-03,9.970811e+00
5.846786778124963e-03,9.971108e+00
5.857026778124902e-03,9.971403e+00
5.867266778124841e-03,9.971694e+00
5.877506778124780e-03,9.971982e+00
5.887746778124719e-03,9.972268e+00
5.897986778124658e-03,9.972550e+00
5.908226778124598e-03,9.972830e+00
5.918466778124537e-03,9.973106e+00
5.928706778124476e-03,9.973381e+00
5.938946778124415e-03,9.973652e+00
5.949186778124354e-03,9.973921e+00
5.959426778124294e-03,9.974186e+00
5.969666778124233e-03,9.974449e+00
5.979906778124172e-03,9.974710e+00
5.990146778124111e-03,9.974967e+00
6.000386778124050e-03,9.975222e+00
6.010626778123990e-03,9.975474e+00
6.020866778123929e-03,9.975724e+00
6.031106778123868e-03,9.975971e+00
6.041346778123807e-03,9.976216e+00
6.051586778123746e-03,9.976459e+00
6.061826778123685e-03,9.976699e+00
6.072066778123625e-03,9.976936e+00
6.082306778123564e-03,9.977171e+00
6.092546778123503e-03,9.977404e+00
6.102786778123442e-03,9.977633e+00
6.113026778123381e-03,9.977861e+00
6.123266778123321e-03,9.978087e+00
6.133506778123260e-03,9.978311e+00
6.143746778123199e-03,9.978531e+00
6.153986778123138e-03,9.978750e+00
6.164226778123077e-03,9.978967e+00
6.174466778123017e-03,9.979181e+00
6.184706778122956e-03,9.979393e+00
6.194946778122895e-03,9.979603e+00
6.205186778122834e-03,9.979811e+00
6.215426778122773e-03,9.980017e+00
6.225666778122712e-03,9.980220e+00
6.235906778122652e-03,9.980421e+00
6.246146778122591e-03,9.980621e+00
6.256386778122530e-03,9.980819e+00
6.266626778122469e-03,9.981014e+00
6.276866778122408e-03,9.981207e+00
6.287106778122348e-03,9.981399e+00
6.297346778122287e-03,9.981588e+00
6.307586778122226e-03,9.981775e+00
6.317826778122165e-03,9.981961e+00
6.328066778122104e-03,9.982145e+00
6.338306778122044e-03,9.982327e+00
6.348546778121983e-03,9.982507e+00
6.358786778121922e-03,9.982685e+00
6.369026778121861e-03,9.982862e+00
6.379266778121800e-03,9.983036e+00
6.389506778121739e-03,9.983210e+00
6.399746778121679e-03,9.983380e+00
6.409986778121618e-03,9.983549e+00
6.420226778121557e-03,9.983717e+00
6.430466778121496e-03,9.983883e+00
6.440706778121435e-03,9.984047e+00
6.450946778121375e-03,9.984210e+00
6.461186778121314e-03,9.984370e+00
6.471426778121253e-03,9.984529e+00
6.481666778121192e-03,9.984688e+00
6.491906778121131e-03,9.984843e+00
6.502146778121070e-03,9.984998e+00
6.512386778121010e-03,9.985150e+00
6.522626778120949e-03,9.985302e+00
6.532866778120888e-03,9.985452e+00
6.543106778120827e-03,9.985600e+00
6.553346778120766e-03,9.985746e+00
6.563586778120706e-03,9.985892e+00
6.573826778120645e-03,9.986035e+00
6.584066778120584e-03,9.986177e+00
6.594306778120523e-03,9.986319e+00
6.604546778120462e-03,9.986458e+00
6.614786778120402e-03,9.986596e+00
6.625026778120341e-03,9.986732e+00
6.635266778120280e-03,9.986868e+00
6.645506778120219e-03,9.987001e+00
6.655746778120158e-03,9.987134e+00
6.665986778120097e-03,9.987265e+00
6.676226778120037e-03,9.987394e+00
6.686466778119976e-03,9.987523e+00
6.696706778119915e-03,9.987650e+00
6.706946778119854e-03,9.987776e+00
6.717186778119793e-03,9.987901e+00
6.727426778119733e-03,9.988024e+00
6.737666778119672e-03,9.988146e+00
6.747906778119611e-03,9.988267e+00
6.758146778119550e-03,9.988386e+00
6.768386778119489e-03,9.988504e+00
6.778626778119429e-03,9.988622e+00
6.788866778119368e-03,9.988737e+00
6.799106778119307e-03,9.988853e+00
6.809346778119246e-03,9.988966e+00
6.819586778119185e-03,9.989079e+00
6.829826778119124e-03,9.989189e+00
6.840066778119064e-03,9.989300e+00
6.850306778119003e-03,9.989408e+00
6.860546778118942e-03,9.989516e+00
6.870786778118881e-03,9.989623e+00
6.881026778118820e-03,9.989729e+00
6.891266778118760e-03,9.989834e+00
6.901506778118699e-03,9.989938e+00
6.911746778118638e-03,9.990040e+00
6.921986778118577e-03,9.990141e+00
6.932226778118516e-03,9.990242e+00
6.942466778118456e-03,9.990341e+00
6.952706778118395e-03,9.990439e+00
6.962946778118334e-03,9.990537e+00
6.973186778118273e-03,9.990633e+00
6.983426778118212e-03,9.990728e+00
6.993666778118151e-03,9.990823e+00
7.003906778118091e-03,9.990917e+00
7.014146778118030e-03,9.991010e+00
7.024386778117969e-03,9.991101e+00
7.034626778117908e-03,9.991192e+00
7.044866778117847e-03,9.991282e+00
7.055106778117787e-03,9.991370e+00
7.065346778117726e-03,9.991458e+00
7.075586778117665e-03,9.991545e+00
7.085826778117604e-03,9.991632e+00
7.096066778117543e-03,9.991716e+00
7.106306778117483e-03,9.991801e+00
7.116546778117422e-03,9.991884e+00
7.126786778117361e-03,9.991967e+00
7.137026778117300e-03,9.992049e+00
7.147266778117239e-03,9.992130e+00
7.157506778117178e-03,9.992210e+00
7.167746778117118e-03,9.992290e+00
7.177986778117057e-03,9.992368e+00
7.188226778116996e-03,9.992446e+00
7.198466778116935e-03,9.992522e+00
7.208706778116874e-03,9.992599e+00
7.218946778116814e-03,9.992674e+00
7.229186778116753e-03,9.992749e+00
7.239426778116692e-03,9.992823e+00
7.249666778116631e-03,9.992896e+00
7.259906778116570e-03,9.992969e+00
7.270146778116509e-03,9.993040e+00
7.280386778116449e-03,9.993111e+00
7.290626778116388e-03,9.993181e+00
7.300866778116327e-03,9.993251e+00
7.311106778116266e-03,9.993320e+00
7.321346778116205e-03,9.993387e+00
7.331586778116145e-03,9.993455e+00
7.341826778116084e-03,9.993522e+00
7.352066778116023e-03,9.993587e+00
7.362306778115962e-03,9.993652e+00
7.372546778115901e-03,9.993717e+00
7.382786778115841e-03,9.993781e+00
7.393026778115780e-03,9.993845e+00
7.403266778115719e-03,9.993907e+00
7.413506778115658e-03,9.993970e+00
7.423746778115597e-03,9.994031e+00
7.433986778115536e-03,9.994092e+00
7.444226778115476e-03,9.994152e+00
7.454466778115415e-03,9.994211e+00
7.464706778115354e-03,9.994270e+00
7.474946778115293e-03,9.994328e+00
7.485186778115232e-03,9.994387e+00
7.495426778115172e-03,9.994444e+00
7.505666778115111e-03,9.994500e+00
7.515906778115050e-03,9.994556e+00
7.526146778114989e-03,9.994612e+00
7.536386778114928e-03,9.994667e+00
7.546626778114868e-03,9.994721e+00
7.556866778114807e-03,9.994775e+00
7.567106778114746e-03,9.994828e+00
7.577346778114685e-03,9.994881e+00
7.587586778114624e-03,9.994933e+00
7.597826778114563e-03,9.994985e+00
7.608066778114503e-03,9.995036e+00
7.618306778114442e-03,9.995087e+00
7.628546778114381e-03,9.995136e+00
7.638786778114320e-03,9.995186e+00
7.649026778114259e-03,9.995234e+00
7.659266778114199e-03,9.995283e+00
7.669506778114138e-03,9.995332e+00
7.679746778114077e-03,9.995379e+00
7.689986778114016e-03,9.995426e+00
7.700226778113955e-03,9.995473e+00
7.710466778113895e-03,9.995519e+00
7.720706778113834e-03,9.995564e+00
7.730946778113773e-03,9.995609e+00
7.741186778113712e-03,9.995654e+00
7.751426778113651e-03,9.995699e+00
7.761666778113590e-03,9.995743e+00
7.771906778113530e-03,9.995786e+00
7.782146778113469e-03,9.995829e+00
7.792386778113408e-03,9.995872e+00
7.802626778113347e-03,9.995914e+00
7.812866778113287e-03,9.995955e+00
7.823106778113226e-03,9.995996e+00
7.833346778113166e-03,9.996037e+00
7.843586778113105e-03,9.996078e+00
7.853826778113044e-03,9.996118e+00
7.864066778112983e-03,9.996157e+00
7.874306778112922e-03,9.996196e+00
7.884546778112862e-03,9.996235e+00
7.894786778112801e-03,9.996273e+00
7.905026778112740e-03,9.996311e+00
7.915266778112679e-03,9.996348e+00
7.925506778112618e-03,9.996386e+00
7.935746778112557e-03,9.996423e+00
7.945986778112497e-03,9.996459e+00
7.956226778112436e-03,9.996495e+00
7.966466778112375e-03,9.996531e+00
7.976706778112314e-03,9.996567e+00
7.986946778112253e-03,9.996601e+00
7.997186778112193e-03,9.996636e+00
8.007426778112132e-03,9.996670e+00
8.017666778112071e-03,9.996704e+00
8.027906778112010e-03,9.996737e+00
8.038146778111949e-03,9.996771e+00
8.048386778111889e-03,9.996804e+00
8.058626778111828e-03,9.996837e+00
8.068866778111767e-03,9.996869e+00
8.079106778111706e-03,9.996901e+00
8.089346778111645e-03,9.996932e+00
8.099586778111584e-03,9.996964e+00
8.109826778111524e-03,9.996994e+00
8.120066778111463e-03,9.997025e+00
8.130306778111402e-03,9.997055e+00
8.140546778111341e-03,9.997086e+00
8.150786778111280e-03,9.997115e+00
8.161026778111220e-03,9.997145e+00
8.171266778111159e-03,9.997173e+00
8.181506778111098e-03,9.997202e+00
8.191746778111037e-03,9.997231e+00
8.201986778110976e-03,9.997259e+00
8.212226778110916e-03,9.997287e+00
8.222466778110855e-03,9.997314e+00
8.232706778110794e-03,9.997342e+00
8.242946778110733e-03,9.997369e+00
8.253186778110672e-03,9.997396e+00
8.263426778110611e-03,9.997422e+00
8.273666778110551e-03,9.997449e+00
8.283906778110490e-03,9.997475e+00
8.294146778110429e-03,9.997500e+00
8.304386778110368e-03,9.997526e+00
8.314626778110307e-03,9.997551e+00
8.324866778110247e-03,9.997576e+00
8.335106778110186e-03,9.997601e+00
8.345346778110125e-03,9.997625e+00
8.355586778110064e-03,9.997649e+00
8.365826778110003e-03,9.997673e+00
8.376066778109943e-03,9.997697e+00
8.386306778109882e-03,9.997721e+00
8.396546778109821e-03,9.997744e+00
8.406786778109760e-03,9.997766e+00
8.417026778109699e-03,9.997789e+00
8.427266778109638e-03,9.997812e+00
8.437506778109578e-03,9.997834e+00
8.447746778109517e-03,9.997856e+00
8.457986778109456e-03,9.997878e+00
8.468226778109395e-03,9.997900e+00
8.478466778109334e-03,9.997921e+00
8.488706778109274e-03,9.997942e+00
8.498946778109213e-03,9.997963e+00
8.509186778109152e-03,9.997984e+00
8.519426778109091e-03,9.998005e+00
8.529666778109030e-03,9.998025e+00
8.539906778108970e-03,9.998045e+00
8.550146778108909e-03,9.998065e+00
8.560386778108848e-03,9.998085e+00
8.570626778108787e-03,9.998104e+00
8.580866778108726e-03,9.998123e+00
8.591106778108665e-03,9.998142e+00
8.601346778108605e-03,9.998161e+00
8.611586778108544e-03,9.998180e+00
8.621826778108483e-03,9.998199e+00
8.632066778108422e-03,9.998217e+00
8.642306778108361e-03,9.998235e+00
8.652546778108301e-03,9.998253e+00
8.662786778108240e-03,9.998271e+00
8.673026778108179e-03,9.998288e+00
8.683266778108118e-03,9.998306e+00
8.693506778108057e-03,9.998323e+00
8.703746778107996e-03,9.998341e+00
8.713986778107936e-03,9.998357e+00
8.724226778107875e-03,9.998374e+00
8.734466778107814e-03,9.998390e+00
8.744706778107753e-03,9.998407e+00
8.754946778107692e-03,9.998424e+00
8.765186778107632e-03,9.998439e+00
8.775426778107571e-03,9.998455e+00
8.785666778107510e-03,9.998471e+00
8.795906778107449e-03,9.998487e+00
8.806146778107388e-03,9.998502e+00
8.816386778107328e-03,9.998517e+00
8.826626778107267e-03,9.998532e+00
8.836866778107206e-03,9.998548e+00
8.847106778107145e-03,9.998562e+00
8.857346778107084e-03,9.998577e+00
8.867586778107023e-03,9.998591e+00
8.877826778106963e-03,9.998606e+00
8.888066778106902e-03,9.998620e+00
8.898306778106841e-03,9.998633e+00
8.908546778106780e-03,9.998648e+00
8.918786778106719e-03,9.998661e+00
8.929026778106659e-03,9.998675e+00
8.939266778106598e-03,9.998689e+00
8.949506778106537e-03,9.998702e+00
8.959746778106476e-03,9.998715e+00
8.969986778106415e-03,9.998729e+00
8.980226778106355e-03,9.998741e+00
8.990466778106294e-03,9.998755e+00
9.000706778106233e-03,9.998767e+00
9.010946778106172e-03,9.998779e+00
9.021186778106111e-03,9.998792e+00
9.031426778106050e-03,9.998804e+00
9.041666778105990e-03,9.998816e+00
9.051906778105929e-03,9.998828e+00
9.062146778105868e-03,9.998840e+00
9.072386778105807e-03,9.998852e+00
9.082626778105746e-03,9.998864e+00
9.092866778105686e-03,9.998876e+00
9.103106778105625e-03,9.998887e+00
9.113346778105564e-03,9.998899e+00
9.123586778105503e-03,9.998909e+00
9.133826778105442e-03,9.998920e+00
9.144066778105382e-03,9.998932e+00
9.154306778105321e-03,9.998942e+00
9.164546778105260e-03,9.998953e+00
9.174786778105199e-03,9.998963e+00
9.185026778105138e-03,9.998975e+00
9.195266778105077e-03,9.998984e+00
9.205506778105017e-03,9.998995e+00
9.215746778104956e-03,9.999005e+00
9.225986778104895e-03,9.999016e+00
9.236226778104834e-03,9.999025e+00
9.246466778104773e-03,9.999036e+00
9.256706778104713e-03,9.999045e+00
9.266946778104652e-03,9.999055e+00
9.277186778104591e-03,9.999064e+00
9.287426778104530e-03,9.999074e+00
9.297666778104469e-03,9.999084e+00
9.307906778104409e-03,9.999093e+00
9.318146778104348e-03,9.999103e+00
9.328386778104287e-03,9.999111e+00
9.338626778104226e-03,9.999121e+00
9.348866778104165e-03,9.999129e+00
9.359106778104104e-03,9.999138e+00
9.369346778104044e-03,9.999147e+00
9.379586778103983e-03,9.999156e+00
9.389826778103922e-03,9.999165e+00
9.400066778103861e-03,9.999173e+00
9.410306778103800e-03,9.999181e+00
9.420546778103740e-03,9.999189e+00
9.430786778103679e-03,9.999198e+00
9.441026778103618e-03,9.999206e+00
9.451266778103557e-03,9.999214e+00
9.461506778103496e-03,9.999222e+00
9.471746778103435e-03,9.999230e+00
9.481986778103375e-03,9.999238e+00
9.492226778103314e-03,9.999246e+00
9.502466778103253e-03,9.999253e+00
9.512706778103192e-03,9.999261e+00
9.522946778103131e-03,9.999269e+00
9.533186778103071e-03,9.999276e+00
9.543426778103010e-03,9.999283e+00
9.553666778102949e-03,9.999290e+00
9.563906778102888e-03,9.999298e+00
9.574146778102827e-03,9.999305e+00
9.584386778102767e-03,9.999312e+00
9.594626778102706e-03,9.999319e+00
9.604866778102645e-03,9.999326e+00
9.615106778102584e-03,9.999332e+00
9.625346778102523e-03,9.999340e+00
9.635586778102462e-03,9.999347e+00
9.645826778102402e-03,9.999353e+00
9.656066778102341e-03,9.999360e+00
9.666306778102280e-03,9.999366e+00
9.676546778102219e-03,9.999372e+00
9.686786778102158e-03,9.999379e+00
9.697026778102098e-03,9.999385e+00
9.707266778102037e-03,9.999392e+00
9.717506778101976e-03,9.999398e+00
9.727746778101915e-03,9.999404e+00
9.737986778101854e-03,9.999410e+00
9.748226778101794e-03,9.999416e+00
9.758466778101733e-03,9.999422e+00
9.768706778101672e-03,9.999428e+00
9.778946778101611e-03,9.999434e+00
9.789186778101550e-03,9.999439e+00
9.799426778101489e-03,9.999445e+00
9.809666778101429e-03,9.999451e+00
9.819906778101368e-03,9.999456e+00
9.830146778101307e-03,9.999462e+00
9.840386778101246e-03,9.999468e+00
9.850626778101185e-03,9.999473e+00
9.860866778101125e-03,9.999478e+00
9.871106778101064e-03,9.999483e+00
9.881346778101003e-03,9.999489e+00
9.891586778100942e-03,9.999494e+00
9.901826778100881e-03,9.999499e+00
9.912066778100821e-03,9.999504e+00
9.922306778100760e-03,9.999509e+00
9.932546778100699e-03,9.999515e+00
9.942786778100638e-03,9.999519e+00
9.953026778100577e-03,9.999524e+00
9.963266778100516e-03,9.999529e+00
9.973506778100456e-03,9.999534e+00
9.983746778100395e-03,9.999538e+00
9.993986778100334e-03,9.999543e+00
1.000000000100000e-02,9.999546e+00
1.000000000200000e-02,9.999546e+00
1.000401048768448e-02,9.959523e+00
1.001425048768442e-02,9.858058e+00
1.002449048768436e-02,9.757627e+00
1.003473048768430e-02,9.658218e+00
1.004497048768424e-02,9.559823e+00
1.005521048768418e-02,9.462430e+00
1.006545048768412e-02,9.366029e+00
1.007569048768406e-02,9.270610e+00
1.008593048768400e-02,9.176164e+00
1.009617048768394e-02,9.082679e+00
1.010641048768388e-02,8.990147e+00
1.011665048768381e-02,8.898558e+00
1.012689048768375e-02,8.807901e+00
1.013713048768369e-02,8.718168e+00
1.014737048768363e-02,8.629351e+00
1.015761048768357e-02,8.541436e+00
1.016785048768351e-02,8.454418e+00
1.017809048768345e-02,8.368287e+00
1.018833048768339e-02,8.283033e+00
1.019857048768333e-02,8.198647e+00
1.020881048768327e-02,8.115122e+00
1.021905048768321e-02,8.032447e+00
1.022929048768315e-02,7.950614e+00
1.023953048768309e-02,7.869616e+00
1.024977048768302e-02,7.789442e+00
1.026001048768296e-02,7.710085e+00
1.027025048768290e-02,7.631536e+00
1.028049048768284e-02,7.553788e+00
1.029073048768278e-02,7.476832e+00
1.030097048768272e-02,7.400660e+00
1.031121048768266e-02,7.325264e+00
1.032145048768260e-02,7.250636e+00
1.033169048768254e-02,7.176768e+00
1.034193048768248e-02,7.103653e+00
1.035217048768242e-02,7.031283e+00
1.036241048768236e-02,6.959650e+00
1.037265048768229e-02,6.888747e+00
1.038289048768223e-02,6.818566e+00
1.039313048768217e-02,6.749100e+00
1.040337048768211e-02,6.680342e+00
1.041361048768205e-02,6.612285e+00
1.042385048768199e-02,6.544920e+00
1.043409048768193e-02,6.478242e+00
1.044433048768187e-02,6.412243e+00
1.045457048768181e-02,6.346917e+00
1.046481048768175e-02,6.282256e+00
1.047505048768169e-02,6.218254e+00
1.048529048768163e-02,6.154904e+00
1.049553048768156e-02,6.092200e+00
1.050577048768150e-02,6.030134e+00
1.051601048768144e-02,5.968700e+00
1.052625048768138e-02,5.907893e+00
1.053649048768132e-02,5.847704e+00
1.054673048768126e-02,5.788130e+00
1.055697048768120e-02,5.729162e+00
1.056721048768114e-02,5.670794e+00
1.057745048768108e-02,5.613022e+00
1.058769048768102e-02,5.555838e+00
1.059793048768096e-02,5.499236e+00
1.060817048768090e-02,5.443212e+00
1.061841048768083e-02,5.387757e+00
1.062865048768077e-02,5.332868e+00
1.063889048768071e-02,5.278538e+00
1.064913048768065e-02,5.224762e+00
1.065937048768059e-02,5.171533e+00
1.066961048768053e-02,5.118847e+00
1.067985048768047e-02,5.066698e+00
1.069009048768041e-02,5.015079e+00
1.070033048768035e-02,4.963987e+00
1.071057048768029e-02,4.913415e+00
1.072081048768023e-02,4.863358e+00
1.073105048768017e-02,4.813812e+00
1.074129048768011e-02,4.764770e+00
1.075153048768004e-02,4.716228e+00
1.076177048767998e-02,4.668180e+00
1.077201048767992e-02,4.620621e+00
1.078225048767986e-02,4.573548e+00
1.079249048767980e-02,4.526954e+00
1.080273048767974e-02,4.480834e+00
1.081297048767968e-02,4.435184e+00
1.082321048767962e-02,4.390000e+00
1.083345048767956e-02,4.345276e+00
1.084369048767950e-02,4.301007e+00
1.085393048767944e-02,4.257190e+00
1.086417048767938e-02,4.213819e+00
1.087441048767931e-02,4.170889e+00
1.088465048767925e-02,4.128397e+00
1.089489048767919e-02,4.086338e+00
1.090513048767913e-02,4.044707e+00
1.091537048767907e-02,4.003501e+00
1.092561048767901e-02,3.962714e+00
1.093585048767895e-02,3.922343e+00
1.094609048767889e-02,3.882383e+00
1.095633048767883e-02,3.842830e+00
1.096657048767877e-02,3.803681e+00
1.097681048767871e-02,3.764930e+00
1.098705048767865e-02,3.726574e+00
1.099729048767858e-02,3.688608e+00
1.100753048767852e-02,3.651030e+00
1.101777048767846e-02,3.613834e+00
1.102801048767840e-02,3.577017e+00
1.103825048767834e-02,3.540575e+00
1.104849048767828e-02,3.504505e+00
1.105873048767822e-02,3.468802e+00
1.106897048767816e-02,3.433462e+00
1.107921048767810e-02,3.398483e+00
1.108945048767804e-02,3.363860e+00
1.109969048767798e-02,3.329590e+00
1.110993048767792e-02,3.295669e+00
1.112017048767786e-02,3.262094e+00
1.113041048767779e-02,3.228860e+00
1.114065048767773e-02,3.195966e+00
1.115089048767767e-02,3.163406e+00
1.116113048767761e-02,3.131178e+00
1.117137048767755e-02,3.099278e+00
1.118161048767749e-02,3.067703e+00
1.119185048767743e-02,3.036450e+00
1.120209048767737e-02,3.005516e+00
1.121233048767731e-02,2.974896e+00
1.122257048767725e-02,2.944589e+00
1.123281048767719e-02,2.914590e+00
1.124305048767713e-02,2.884897e+00
1.125329048767706e-02,2.855506e+00
1.126353048767700e-02,2.826415e+00
1.127377048767694e-02,2.797621e+00
1.128401048767688e-02,2.769119e+00
1.129425048767682e-02,2.740908e+00
1.130449048767676e-02,2.712984e+00
1.131473048767670e-02,2.685345e+00
1.132497048767664e-02,2.657987e+00
1.133521048767658e-02,2.630908e+00
1.134545048767652e-02,2.604105e+00
1.135569048767646e-02,2.577575e+00
1.136593048767640e-02,2.551316e+00
1.137617048767633e-02,2.525324e+00
1.138641048767627e-02,2.499596e+00
1.139665048767621e-02,2.474131e+00
1.140689048767615e-02,2.448925e+00
1.141713048767609e-02,2.423976e+00
1.142737048767603e-02,2.399281e+00
1.143761048767597e-02,2.374838e+00
1.144785048767591e-02,2.350644e+00
1.145809048767585e-02,2.326696e+00
1.146833048767579e-02,2.302992e+00
1.147857048767573e-02,2.279530e+00
1.148881048767567e-02,2.256307e+00
1.149905048767561e-02,2.233320e+00
1.150929048767554e-02,2.210567e+00
1.151953048767548e-02,2.188047e+00
1.152977048767542e-02,2.165755e+00
1.154001048767536e-02,2.143691e+00
1.155025048767530e-02,2.121852e+00
1.156049048767524e-02,2.100235e+00
1.157073048767518e-02,2.078838e+00
1.158097048767512e-02,2.057660e+00
1.159121048767506e-02,2.036697e+00
1.160145048767500e-02,2.015947e+00
1.161169048767494e-02,1.995409e+00
1.162193048767488e-02,1.975081e+00
1.163217048767481e-02,1.954959e+00
1.164241048767475e-02,1.935042e+00
1.165265048767469e-02,1.915329e+00
1.166289048767463e-02,1.895816e+00
1.167313048767457e-02,1.876502e+00
1.168337048767451e-02,1.857384e+00
1.169361048767445e-02,1.838462e+00
1.170385048767439e-02,1.819732e+00
1.171409048767433e-02,1.801193e+00
1.172433048767427e-02,1.782843e+00
1.173457048767421e-02,1.764680e+00
1.174481048767415e-02,1.746702e+00
1.175505048767408e-02,1.728907e+00
1.176529048767402e-02,1.711293e+00
1.177553048767396e-02,1.693859e+00
1.178577048767390e-02,1.676602e+00
1.179601048767384e-02,1.659521e+00
1.180625048767378e-02,1.642614e+00
1.181649048767372e-02,1.625880e+00
1.182673048767366e-02,1.609316e+00
1.183697048767360e-02,1.592921e+00
1.184721048767354e-02,1.576692e+00
1.185745048767348e-02,1.560629e+00
1.186769048767342e-02,1.544730e+00
1.187793048767335e-02,1.528993e+00
1.188817048767329e-02,1.513416e+00
1.189841048767323e-02,1.497998e+00
1.190865048767317e-02,1.482736e+00
1.191889048767311e-02,1.467631e+00
1.192913048767305e-02,1.452679e+00
1.193937048767299e-02,1.437879e+00
1.194961048767293e-02,1.423230e+00
1.195985048767287e-02,1.408731e+00
1.197009048767281e-02,1.394379e+00
1.198033048767275e-02,1.380173e+00
1.199057048767269e-02,1.366113e+00
1.200081048767263e-02,1.352195e+00
1.201105048767256e-02,1.338419e+00
1.202129048767250e-02,1.324784e+00
1.203153048767244e-02,1.311287e+00
1.204177048767238e-02,1.297928e+00
1.205201048767232e-02,1.284705e+00
1.206225048767226e-02,1.271617e+00
1.207249048767220e-02,1.258662e+00
1.208273048767214e-02,1.245839e+00
1.209297048767208e-02,1.233147e+00
1.210321048767202e-02,1.220584e+00
1.211345048767196e-02,1.208149e+00
1.212369048767190e-02,1.195840e+00
1.213393048767183e-02,1.183658e+00
1.214417048767177e-02,1.171599e+00
1.215441048767171e-02,1.159663e+00
1.216465048767165e-02,1.147848e+00
1.217489048767159e-02,1.136154e+00
1.218513048767153e-02,1.124580e+00
1.219537048767147e-02,1.113123e+00
1.220561048767141e-02,1.101782e+00
1.221585048767135e-02,1.090558e+00
1.222609048767129e-02,1.079447e+00
1.223633048767123e-02,1.068450e+00
1.224657048767117e-02,1.057565e+00
1.225681048767110e-02,1.046791e+00
1.226705048767104e-02,1.036126e+00
1.227729048767098e-02,1.025571e+00
1.228753048767092e-02,1.015122e+00
1.229777048767086e-02,1.004781e+00
1.230801048767080e-02,9.945441e-01
1.231825048767074e-02,9.844120e-01
1.232849048767068e-02,9.743831e-01
1.233873048767062e-02,9.644563e-01
1.234897048767056e-02,9.546306e-01
1.235921048767050e-02,9.449051e-01
1.236945048767044e-02,9.352787e-01
1.237969048767038e-02,9.257503e-01
1.238993048767031e-02,9.163190e-01
1.240017048767025e-02,9.069837e-01
1.241041048767019e-02,8.977436e-01
1.242065048767013e-02,8.885976e-01
1.243089048767007e-02,8.795448e-01
1.244113048767001e-02,8.705842e-01
1.245137048766995e-02,8.617149e-01
1.246161048766989e-02,8.529360e-01
1.247185048766983e-02,8.442464e-01
1.248209048766977e-02,8.356455e-01
1.249233048766971e-02,8.271322e-01
1.250257048766965e-02,8.187056e-01
1.251281048766958e-02,8.103648e-01
1.252305048766952e-02,8.021090e-01
1.253329048766946e-02,7.939373e-01
1.254353048766940e-02,7.858489e-01
1.255377048766934e-02,7.778428e-01
1.256401048766928e-02,7.699184e-01
1.257425048766922e-02,7.620746e-01
1.258449048766916e-02,7.543108e-01
1.259473048766910e-02,7.466261e-01
1.260497048766904e-02,7.390196e-01
1.261521048766898e-02,7.314907e-01
1.262545048766892e-02,7.240384e-01
1.263569048766885e-02,7.166621e-01
1.264593048766879e-02,7.093610e-01
1.265617048766873e-02,7.021341e-01
1.266641048766867e-02,6.949810e-01
1.267665048766861e-02,6.879007e-01
1.268689048766855e-02,6.808925e-01
1.269713048766849e-02,6.739558e-01
1.270737048766843e-02,6.670897e-01
1.271761048766837e-02,6.602935e-01
1.272785048766831e-02,6.535667e-01
1.273809048766825e-02,6.469083e-01
1.274833048766819e-02,6.403177e-01
1.275857048766812e-02,6.337943e-01
1.276881048766806e-02,6.273374e-01
1.277905048766800e-02,6.209462e-01
1.278929048766794e-02,6.146202e-01
1.279953048766788e-02,6.083586e-01
1.280977048766782e-02,6.021608e-01
1.282001048766776e-02,5.960261e-01
1.283025048766770e-02,5.899540e-01
1.284049048766764e-02,5.839437e-01
1.285073048766758e-02,5.779946e-01
1.286097048766752e-02,5.721061e-01
1.287121048766746e-02,5.662776e-01
1.288145048766740e-02,5.605085e-01
1.289169048766733e-02,5.547982e-01
1.290193048766727e-02,5.491461e-01
1.291217048766721e-02,5.435515e-01
1.292241048766715e-02,5.380139e-01
1.293265048766709e-02,5.325328e-01
1.294289048766703e-02,5.271075e-01
1.295313048766697e-02,5.217375e-01
1.296337048766691e-02,5.164221e-01
1.297361048766685e-02,5.111609e-01
1.298385048766679e-02,5.059534e-01
1.299409048766673e-02,5.007988e-01
1.300433048766667e-02,4.956968e-01
1.301457048766660e-02,4.906468e-01
1.302481048766654e-02,4.856482e-01
1.303505048766648e-02,4.807005e-01
1.304529048766642e-02,4.758033e-01
1.305553048766636e-02,4.709559e-01
1.306577048766630e-02,4.661579e-01
1.307601048766624e-02,4.614088e-01
1.308625048766618e-02,4.567081e-01
1.309649048766612e-02,4.520553e-01
1.310673048766606e-02,4.474499e-01
1.311697048766600e-02,4.428914e-01
1.312721048766594e-02,4.383793e-01
1.313745048766587e-02,4.339132e-01
1.314769048766581e-02,4.294926e-01
1.315793048766575e-02,4.251170e-01
1.316817048766569e-02,4.207861e-01
1.317841048766563e-02,4.164992e-01
1.318865048766557e-02,4.122560e-01
1.319889048766551e-02,4.080560e-01
1.320913048766545e-02,4.038989e-01
1.321937048766539e-02,3.997840e-01
1.322961048766533e-02,3.957111e-01
1.323985048766527e-02,3.916797e-01
1.325009048766521e-02,3.876894e-01
1.326033048766515e-02,3.837397e-01
1.327057048766508e-02,3.798303e-01
1.328081048766502e-02,3.759606e-01
1.329105048766496e-02,3.721305e-01
1.330129048766490e-02,3.683393e-01
1.331153048766484e-02,3.645867e-01
1.332177048766478e-02,3.608724e-01
1.333201048766472e-02,3.571959e-01
1.334225048766466e-02,3.535569e-01
1.335249048766460e-02,3.499550e-01
1.336273048766454e-02,3.463897e-01
1.337297048766448e-02,3.428608e-01
1.338321048766442e-02,3.393678e-01
1.339345048766435e-02,3.359104e-01
1.340369048766429e-02,3.324882e-01
1.341393048766423e-02,3.291009e-01
1.342417048766417e-02,3.257481e-01
1.343441048766411e-02,3.224295e-01
1.344465048766405e-02,3.191447e-01
1.345489048766399e-02,3.158933e-01
1.346513048766393e-02,3.126751e-01
1.347537048766387e-02,3.094896e-01
1.348561048766381e-02,3.063366e-01
1.349585048766375e-02,3.032157e-01
1.350609048766369e-02,3.001266e-01
1.351633048766362e-02,2.970690e-01
1.352657048766356e-02,2.940426e-01
1.353681048766350e-02,2.910469e-01
1.354705048766344e-02,2.880818e-01
1.355729048766338e-02,2.851469e-01
1.356753048766332e-02,2.822419e-01
1.357777048766326e-02,2.793665e-01
1.358801048766320e-02,2.765204e-01
1.359825048766314e-02,2.737032e-01
1.360849048766308e-02,2.709148e-01
1.361873048766302e-02,2.681548e-01
1.362897048766296e-02,2.654229e-01
1.363921048766290e-02,2.627189e-01
1.364945048766283e-02,2.600423e-01
1.365969048766277e-02,2.573931e-01
1.366993048766271e-02,2.547708e-01
1.368017048766265e-02,2.521753e-01
1.369041048766259e-02,2.496062e-01
1.370065048766253e-02,2.470633e-01
1.371089048766247e-02,2.445463e-01
1.372113048766241e-02,2.420549e-01
1.373137048766235e-02,2.395889e-01
1.374161048766229e-02,2.371480e-01
1.375185048766223e-02,2.347320e-01
1.376209048766217e-02,2.323406e-01
1.377233048766210e-02,2.299736e-01
1.378257048766204e-02,2.276307e-01
1.379281048766198e-02,2.253116e-01
1.380305048766192e-02,2.230162e-01
1.381329048766186e-02,2.207442e-01
1.382353048766180e-02,2.184953e-01
1.383377048766174e-02,2.162693e-01
1.384401048766168e-02,2.140660e-01
1.385425048766162e-02,2.118852e-01
1.386449048766156e-02,2.097265e-01
1.387473048766150e-02,2.075899e-01
1.388497048766144e-02,2.054750e-01
1.389521048766137e-02,2.033817e-01
1.390545048766131e-02,2.013097e-01
1.391569048766125e-02,1.992588e-01
1.392593048766119e-02,1.972288e-01
1.393617048766113e-02,1.952195e-01
1.394641048766107e-02,1.932306e-01
1.395665048766101e-02,1.912621e-01
1.396689048766095e-02,1.893135e-01
1.397713048766089e-02,1.873848e-01
1.398737048766083e-02,1.854758e-01
1.399761048766077e-02,1.835862e-01
1.400785048766071e-02,1.817159e-01
1.401809048766064e-02,1.798646e-01
1.402833048766058e-02,1.780322e-01
1.403857048766052e-02,1.762185e-01
1.404881048766046e-02,1.744232e-01
1.405905048766040e-02,1.726462e-01
1.406929048766034e-02,1.708873e-01
1.407953048766028e-02,1.691464e-01
1.408977048766022e-02,1.674232e-01
1.410001048766016e-02,1.657175e-01
1.411025048766010e-02,1.640292e-01
1.412049048766004e-02,1.623581e-01
1.413073048765998e-02,1.607040e-01
1.414097048765992e-02,1.590668e-01
1.415121048765985e-02,1.574463e-01
1.416145048765979e-02,1.558423e-01
1.417169048765973e-02,1.542546e-01
1.418193048765967e-02,1.526831e-01
1.419217048765961e-02,1.511276e-01
1.420241048765955e-02,1.495879e-01
1.421265048765949e-02,1.480640e-01
1.422289048765943e-02,1.465555e-01
1.423313048765937e-02,1.450625e-01
1.424337048765931e-02,1.435846e-01
1.425361048765925e-02,1.421218e-01
1.426385048765919e-02,1.406739e-01
1.427409048765912e-02,1.392408e-01
1.428433048765906e-02,1.378222e-01
1.429457048765900e-02,1.364181e-01
1.430481048765894e-02,1.350283e-01
1.431505048765888e-02,1.336527e-01
1.432529048765882e-02,1.322911e-01
1.433553048765876e-02,1.309433e-01
1.434577048765870e-02,1.296093e-01
1.435601048765864e-02,1.282889e-01
1.436625048765858e-02,1.269819e-01
1.437649048765852e-02,1.256882e-01
1.438673048765846e-02,1.244078e-01
1.439697048765839e-02,1.231403e-01
1.440721048765833e-02,1.218858e-01
1.441745048765827e-02,1.206440e-01
1.442769048765821e-02,1.194150e-01
1.443793048765815e-02,1.181984e-01
1.444817048765809e-02,1.169942e-01
1.445841048765803e-02,1.158023e-01
1.446865048765797e-02,1.146225e-01
1.447889048765791e-02,1.134548e-01
1.448913048765785e-02,1.122990e-01
1.449937048765779e-02,1.111549e-01
1.450961048765773e-02,1.100225e-01
1.451985048765767e-02,1.089016e-01
1.453009048765760e-02,1.077921e-01
1.454033048765754e-02,1.066940e-01
1.455057048765748e-02,1.056070e-01
1.456081048765742e-02,1.045311e-01
1.457105048765736e-02,1.034661e-01
1.458129048765730e-02,1.024121e-01
1.459153048765724e-02,1.013687e-01
1.460177048765718e-02,1.003360e-01
1.461201048765712e-02,9.931380e-02
1.462225048765706e-02,9.830201e-02
1.463249048765700e-02,9.730054e-02
1.464273048765694e-02,9.630926e-02
1.465297048765687e-02,9.532809e-02
1.466321048765681e-02,9.435691e-02
1.467345048765675e-02,9.339562e-02
1.468369048765669e-02,9.244413e-02
1.469393048765663e-02,9.150233e-02
1.470417048765657e-02,9.057013e-02
1.471441048765651e-02,8.964743e-02
1.472465048765645e-02,8.873412e-02
1.473489048765639e-02,8.783012e-02
1.474513048765633e-02,8.693533e-02
1.475537048765627e-02,8.604965e-02
1.476561048765621e-02,8.517300e-02
1.477585048765614e-02,8.430528e-02
1.478609048765608e-02,8.344640e-02
1.479633048765602e-02,8.259626e-02
1.480657048765596e-02,8.175480e-02
1.481681048765590e-02,8.092190e-02
1.482705048765584e-02,8.009749e-02
1.483729048765578e-02,7.928147e-02
1.484753048765572e-02,7.847378e-02
1.485777048765566e-02,7.767431e-02
1.486801048765560e-02,7.688297e-02
1.487825048765554e-02,7.609971e-02
1.488849048765548e-02,7.532443e-02
1.489873048765541e-02,7.455704e-02
1.490897048765535e-02,7.379747e-02
1.491921048765529e-02,7.304564e-02
1.492945048765523e-02,7.230147e-02
1.493969048765517e-02,7.156488e-02
1.494993048765511e-02,7.083580e-02
1.496017048765505e-02,7.011414e-02
1.497041048765499e-02,6.939983e-02
1.498065048765493e-02,6.869280e-02
1.499089048765487e-02,6.799298e-02
1.500113048765481e-02,6.730028e-02
1.501137048765475e-02,6.661465e-02
1.502161048765469e-02,6.593599e-02
1.503185048765462e-02,6.526425e-02
1.504209048765456e-02,6.459936e-02
1.505233048765450e-02,6.394124e-02
1.506257048765444e-02,6.328982e-02
1.507281048765438e-02,6.264504e-02
1.508305048765432e-02,6.200683e-02
1.509329048765426e-02,6.137512e-02
1.510353048765420e-02,6.074984e-02
1.511377048765414e-02,6.013094e-02
1.512401048765408e-02,5.951834e-02
1.513425048765402e-02,5.891198e-02
1.514449048765396e-02,5.831180e-02
1.515473048765389e-02,5.771773e-02
1.516497048765383e-02,5.712972e-02
1.517521048765377e-02,5.654770e-02
1.518545048765371e-02,5.597160e-02
1.519569048765365e-02,5.540138e-02
1.520593048765359e-02,5.483696e-02
1.521617048765353e-02,5.427830e-02
1.522641048765347e-02,5.372532e-02
1.523665048765341e-02,5.317799e-02
1.524689048765335e-02,5.263622e-02
1.525713048765329e-02,5.209998e-02
1.526737048765323e-02,5.156919e-02
1.527761048765316e-02,5.104382e-02
1.528785048765310e-02,5.052380e-02
1.529809048765304e-02,5.000908e-02
1.530833048765298e-02,4.949959e-02
1.531857048765292e-02,4.899530e-02
1.532881048765286e-02,4.849615e-02
1.533905048765280e-02,4.800209e-02
1.534929048765274e-02,4.751305e-02
1.535953048765268e-02,4.702900e-02
1.536977048765262e-02,4.654988e-02
1.538001048765256e-02,4.607565e-02
1.539025048765250e-02,4.560624e-02
1.540049048765244e-02,4.514161e-02
1.541073048765237e-02,4.468172e-02
1.542097048765231e-02,4.422652e-02
1.543121048765225e-02,4.377595e-02
1.544145048765219e-02,4.332997e-02
1.545169048765213e-02,4.288853e-02
1.546193048765207e-02,4.245159e-02
1.547217048765201e-02,4.201911e-02
1.548241048765195e-02,4.159103e-02
1.549265048765189e-02,4.116731e-02
1.550289048765183e-02,4.074791e-02
1.551313048765177e-02,4.033278e-02
1.552337048765171e-02,3.992188e-02
1.553361048765164e-02,3.951516e-02
1.554385048765158e-02,3.911259e-02
1.555409048765152e-02,3.871412e-02
1.556433048765146e-02,3.831971e-02
1.557457048765140e-02,3.792932e-02
1.558481048765134e-02,3.754291e-02
1.559505048765128e-02,3.716043e-02
1.560529048765122e-02,3.678185e-02
1.561553048765116e-02,3.640712e-02
1.562577048765123e-02,3.603622e-02
1.563601048765295e-02,3.566909e-02
1.564625048765466e-02,3.530570e-02
1.565649048765638e-02,3.494602e-02
1.566673048765809e-02,3.458999e-02
1.567697048765981e-02,3.423760e-02
1.568721048766153e-02,3.388880e-02
1.569745048766324e-02,3.354355e-02
1.570769048766496e-02,3.320181e-02
1.571793048766667e-02,3.286356e-02
1.572817048766839e-02,3.252875e-02
1.573841048767010e-02,3.219736e-02
1.574865048767182e-02,3.186934e-02
1.575889048767353e-02,3.154467e-02
1.576913048767525e-02,3.122330e-02
1.577937048767697e-02,3.090520e-02
1.578961048767868e-02,3.059035e-02
1.579985048768040e-02,3.027870e-02
1.581009048768211e-02,2.997023e-02
1.582033048768383e-02,2.966490e-02
1.583057048768554e-02,2.936268e-02
1.584081048768726e-02,2.906354e-02
1.585105048768897e-02,2.876745e-02
1.586129048769069e-02,2.847437e-02
1.587153048769241e-02,2.818428e-02
1.588177048769412e-02,2.789715e-02
1.589201048769584e-02,2.761294e-02
1.590225048769755e-02,2.733163e-02
1.591249048769927e-02,2.705318e-02
1.592273048770098e-02,2.677757e-02
1.593297048770270e-02,2.650476e-02
1.594321048770441e-02,2.623474e-02
1.595345048770613e-02,2.596747e-02
1.596369048770785e-02,2.570292e-02
1.597393048770956e-02,2.544106e-02
1.598417048771128e-02,2.518187e-02
1.599441048771299e-02,2.492533e-02
1.600465048771471e-02,2.467139e-02
1.601489048771642e-02,2.442005e-02
1.602513048771814e-02,2.417126e-02
1.603537048771985e-02,2.392501e-02
1.604561048772157e-02,2.368127e-02
1.605585048772329e-02,2.344001e-02
1.606609048772500e-02,2.320121e-02
1.607633048772672e-02,2.296484e-02
1.608657048772843e-02,2.273088e-02
1.609681048773015e-02,2.249931e-02
1.610705048773186e-02,2.227009e-02
1.611729048773358e-02,2.204321e-02
1.612753048773529e-02,2.181864e-02
1.613777048773701e-02,2.159635e-02
1.614801048773873e-02,2.137634e-02
1.615825048774044e-02,2.115856e-02
1.616849048774216e-02,2.094300e-02
1.617873048774387e-02,2.072964e-02
1.618897048774559e-02,2.051845e-02
1.619921048774730e-02,2.030941e-02
1.620945048774902e-02,2.010251e-02
1.621969048775073e-02,1.989771e-02
1.622993048775245e-02,1.969499e-02
1.624017048775417e-02,1.949435e-02
1.625041048775588e-02,1.929574e-02
1.626065048775760e-02,1.909916e-02
1.627089048775931e-02,1.890459e-02
1.628113048776103e-02,1.871199e-02
1.629137048776274e-02,1.852136e-02
1.630161048776446e-02,1.833267e-02
1.631185048776617e-02,1.814590e-02
1.632209048776789e-02,1.796103e-02
1.633233048776961e-02,1.777805e-02
1.634257048777132e-02,1.759693e-02
1.635281048777304e-02,1.741766e-02
1.636305048777475e-02,1.724021e-02
1.637329048777647e-02,1.706457e-02
1.638353048777818e-02,1.689072e-02
1.639377048777990e-02,1.671864e-02
1.640401048778161e-02,1.654832e-02
1.641425048778333e-02,1.637973e-02
1.642449048778504e-02,1.621286e-02
1.643473048778676e-02,1.604768e-02
1.644497048778848e-02,1.588419e-02
1.645521048779019e-02,1.572237e-02
1.646545048779191e-02,1.556219e-02
1.647569048779362e-02,1.540365e-02
1.648593048779534e-02,1.524672e-02
1.649617048779705e-02,1.509139e-02
1.650641048779877e-02,1.493764e-02
1.651665048780048e-02,1.478546e-02
1.652689048780220e-02,1.463483e-02
1.653713048780392e-02,1.448574e-02
1.654737048780563e-02,1.433816e-02
1.655761048780735e-02,1.419209e-02
1.656785048780906e-02,1.404750e-02
1.657809048781078e-02,1.390439e-02
1.658833048781249e-02,1.376273e-02
1.659857048781421e-02,1.362252e-02
1.660881048781592e-02,1.348374e-02
1.661905048781764e-02,1.334637e-02
1.662929048781936e-02,1.321040e-02
1.663953048782107e-02,1.307582e-02
1.664977048782279e-02,1.294260e-02
1.666001048782450e-02,1.281075e-02
1.667025048782622e-02,1.268024e-02
1.668049048782793e-02,1.255105e-02
1.669073048782965e-02,1.242318e-02
1.670097048783136e-02,1.229662e-02
1.671121048783308e-02,1.217135e-02
1.672145048783480e-02,1.204735e-02
1.673169048783651e-02,1.192461e-02
1.674193048783823e-02,1.180313e-02
1.675217048783994e-02,1.168288e-02
1.676241048784166e-02,1.156386e-02
1.677265048784337e-02,1.144605e-02
1.678289048784509e-02,1.132944e-02
1.679313048784680e-02,1.121402e-02
1.680337048784852e-02,1.109977e-02
1.681361048785024e-02,1.098669e-02
1.682385048785195e-02,1.087476e-02
1.683409048785367e-02,1.076397e-02
1.684433048785538e-02,1.065431e-02
1.685457048785710e-02,1.054577e-02
1.686481048785881e-02,1.043833e-02
1.687505048786053e-02,1.033199e-02
1.688529048786224e-02,1.022673e-02
1.689553048786396e-02,1.012254e-02
1.690577048786568e-02,1.001941e-02
1.691601048786739e-02,9.917337e-03
1.692625048786911e-02,9.816302e-03
1.693649048787082e-02,9.716296e-03
1.694673048787254e-02,9.617309e-03
1.695697048787425e-02,9.519330e-03
1.696721048787597e-02,9.422350e-03
1.697745048787768e-02,9.326357e-03
1.698769048787940e-02,9.231343e-03
1.699793048788112e-02,9.137296e-03
1.700817048788283e-02,9.044208e-03
1.701841048788455e-02,8.952067e-03
1.702865048788626e-02,8.860866e-03
1.703889048788798e-02,8.770593e-03
1.704913048788969e-02,8.681240e-03
1.705937048789141e-02,8.592798e-03
1.706961048789312e-02,8.505258e-03
1.707985048789484e-02,8.418608e-03
1.709009048789656e-02,8.332841e-03
1.710033048789827e-02,8.247948e-03
1.711057048789999e-02,8.163921e-03
1.712081048790170e-02,8.080748e-03
1.713105048790342e-02,7.998424e-03
1.714129048790513e-02,7.916938e-03
1.715153048790685e-02,7.836282e-03
1.716177048790856e-02,7.756448e-03
1.717201048791028e-02,7.677427e-03
1.718225048791200e-02,7.599211e-03
1.719249048791371e-02,7.521793e-03
1.720273048791543e-02,7.445163e-03
1.721297048791714e-02,7.369313e-03
1.722321048791886e-02,7.294236e-03
1.723345048792057e-02,7.219925e-03
1.724369048792229e-02,7.146370e-03
1.725393048792400e-02,7.073564e-03
1.726417048792572e-02,7.001501e-03
1.727441048792744e-02,6.930171e-03
1.728465048792915e-02,6.859568e-03
1.729489048793087e-02,6.789685e-03
1.730513048793258e-02,6.720513e-03
1.731537048793430e-02,6.652046e-03
1.732561048793601e-02,6.584276e-03
1.733585048793773e-02,6.517198e-03
1.734609048793944e-02,6.450802e-03
1.735633048794116e-02,6.385083e-03
1.736657048794287e-02,6.320033e-03
1.737681048794459e-02,6.255646e-03
1.738705048794631e-02,6.191915e-03
1.739729048794802e-02,6.128834e-03
1.740753048794974e-02,6.066395e-03
1.741777048795145e-02,6.004592e-03
1.742801048795317e-02,5.943418e-03
1.743825048795488e-02,5.882869e-03
1.744849048795660e-02,5.822935e-03
1.745873048795831e-02,5.763613e-03
1.746897048796003e-02,5.704895e-03
1.747921048796175e-02,5.646775e-03
1.748945048796346e-02,5.589246e-03
1.749969048796518e-02,5.532305e-03
1.750993048796689e-02,5.475943e-03
1.752017048796861e-02,5.420155e-03
1.753041048797032e-02,5.364936e-03
1.754065048797204e-02,5.310280e-03
1.755089048797375e-02,5.256180e-03
1.756113048797547e-02,5.202631e-03
1.757137048797719e-02,5.149628e-03
1.758161048797890e-02,5.097165e-03
1.759185048798062e-02,5.045236e-03
1.760209048798233e-02,4.993837e-03
1.761233048798405e-02,4.942961e-03
1.762257048798576e-02,4.892603e-03
1.763281048798748e-02,4.842759e-03
1.764305048798919e-02,4.793422e-03
1.765329048799091e-02,4.744587e-03
1.766353048799263e-02,4.696251e-03
1.767377048799434e-02,4.648407e-03
1.768401048799606e-02,4.601050e-03
1.769425048799777e-02,4.554175e-03
1.770449048799949e-02,4.507779e-03
1.771473048800120e-02,4.461855e-03
1.772497048800292e-02,4.416398e-03
1.773521048800463e-02,4.371405e-03
1.774545048800635e-02,4.326870e-03
1.775569048800807e-02,4.282789e-03
1.776593048800978e-02,4.239157e-03
1.777617048801150e-02,4.195970e-03
1.778641048801321e-02,4.153222e-03
1.779665048801493e-02,4.110910e-03
1.780689048801664e-02,4.069029e-03
1.781713048801836e-02,4.027575e-03
1.782737048802007e-02,3.986543e-03
1.783761048802179e-02,3.945929e-03
1.784785048802351e-02,3.905729e-03
1.785809048802522e-02,3.865939e-03
1.786833048802694e-02,3.826553e-03
1.787857048802865e-02,3.787569e-03
1.788881048803037e-02,3.748982e-03
1.789905048803208e-02,3.710789e-03
1.790929048803380e-02,3.672984e-03
1.791953048803551e-02,3.635565e-03
1.792977048803723e-02,3.598527e-03
1.794001048803895e-02,3.561866e-03
1.795025048804066e-02,3.525578e-03
1.796049048804238e-02,3.489661e-03
1.797073048804409e-02,3.454109e-03
1.798097048804581e-02,3.418919e-03
1.799121048804752e-02,3.384088e-03
1.800145048804924e-02,3.349612e-03
1.801169048805095e-02,3.315487e-03
1.802193048805267e-02,3.281710e-03
1.803217048805439e-02,3.248276e-03
1.804241048805610e-02,3.215184e-03
1.805265048805782e-02,3.182428e-03
1.806289048805953e-02,3.150006e-03
1.807313048806125e-02,3.117915e-03
1.808337048806296e-02,3.086150e-03
1.809361048806468e-02,3.054709e-03
1.810385048806639e-02,3.023589e-03
1.811409048806811e-02,2.992785e-03
1.812433048806983e-02,2.962295e-03
1.813457048807154e-02,2.932116e-03
1.814481048807326e-02,2.902245e-03
1.815505048807497e-02,2.872677e-03
1.816529048807669e-02,2.843411e-03
1.817553048807840e-02,2.814443e-03
1.818577048808012e-02,2.785770e-03
1.819601048808183e-02,2.757390e-03
1.820625048808355e-02,2.729298e-03
1.821649048808527e-02,2.701493e-03
1.822673048808698e-02,2.673971e-03
1.823697048808870e-02,2.646729e-03
1.824721048809041e-02,2.619765e-03
1.825745048809213e-02,2.593075e-03
1.826769048809384e-02,2.566657e-03
1.827793048809556e-02,2.540509e-03
1.828817048809727e-02,2.514627e-03
1.829841048809899e-02,2.489009e-03
1.830865048810070e-02,2.463651e-03
1.831889048810242e-02,2.438552e-03
1.832913048810414e-02,2.413709e-03
1.833937048810585e-02,2.389119e-03
1.834961048810757e-02,2.364779e-03
1.835985048810928e-02,2.340687e-03
1.837009048811100e-02,2.316841e-03
1.838033048811271e-02,2.293237e-03
1.839057048811443e-02,2.269874e-03
1.840081048811614e-02,2.246749e-03
1.841105048811786e-02,2.223860e-03
1.842129048811958e-02,2.201204e-03
1.843153048812129e-02,2.178779e-03
1.844177048812301e-02,2.156582e-03
1.845201048812472e-02,2.134611e-03
1.846225048812644e-02,2.112864e-03
1.847249048812815e-02,2.091339e-03
1.848273048812987e-02,2.070033e-03
1.849297048813158e-02,2.048944e-03
1.850321048813330e-02,2.028070e-03
1.851345048813502e-02,2.007408e-03
1.852369048813673e-02,1.986957e-03
1.853393048813845e-02,1.966715e-03
1.854417048814016e-02,1.946678e-03
1.855441048814188e-02,1.926846e-03
1.856465048814359e-02,1.907216e-03
1.857489048814531e-02,1.887786e-03
1.858513048814702e-02,1.868553e-03
1.859537048814874e-02,1.849517e-03
1.860561048815046e-02,1.830674e-03
1.861585048815217e-02,1.812024e-03
1.862609048815389e-02,1.793564e-03
1.863633048815560e-02,1.775291e-03
1.864657048815732e-02,1.757205e-03
1.865681048815903e-02,1.739303e-03
1.866705048816075e-02,1.721583e-03
1.867729048816246e-02,1.704044e-03
1.868753048816418e-02,1.686684e-03
1.869777048816590e-02,1.669500e-03
1.870801048816761e-02,1.652492e-03
1.871825048816933e-02,1.635657e-03
1.872849048817104e-02,1.618993e-03
1.873873048817276e-02,1.602499e-03
1.874897048817447e-02,1.586173e-03
1.875921048817619e-02,1.570014e-03
1.876945048817790e-02,1.554019e-03
1.877969048817962e-02,1.538187e-03
1.878993048818134e-02,1.522516e-03
1.880017048818305e-02,1.507005e-03
1.881041048818477e-02,1.491652e-03
1.882065048818648e-02,1.476456e-03
1.883089048818820e-02,1.461414e-03
1.884113048818991e-02,1.446526e-03
1.885137048819163e-02,1.431789e-03
1.886161048819334e-02,1.417202e-03
1.887185048819506e-02,1.402764e-03
1.888209048819678e-02,1.388473e-03
1.889233048819849e-02,1.374327e-03
1.890257048820021e-02,1.360326e-03
1.891281048820192e-02,1.346468e-03
1.892305048820364e-02,1.332750e-03
1.893329048820535e-02,1.319172e-03
1.894353048820707e-02,1.305733e-03
1.895377048820878e-02,1.292430e-03
1.896401048821050e-02,1.279263e-03
1.897425048821222e-02,1.266231e-03
1.898449048821393e-02,1.253331e-03
1.899473048821565e-02,1.240562e-03
1.900497048821736e-02,1.227923e-03
1.901521048821908e-02,1.215414e-03
1.902545048822079e-02,1.203031e-03
1.903569048822251e-02,1.190775e-03
1.904593048822422e-02,1.178644e-03
1.905617048822594e-02,1.166636e-03
1.906641048822766e-02,1.154751e-03
1.907665048822937e-02,1.142986e-03
1.908689048823109e-02,1.131342e-03
1.909713048823280e-02,1.119816e-03
1.910737048823452e-02,1.108408e-03
1.911761048823623e-02,1.097116e-03
1.912785048823795e-02,1.085938e-03
1.913809048823966e-02,1.074875e-03
1.914833048824138e-02,1.063925e-03
1.915857048824310e-02,1.053086e-03
1.916881048824481e-02,1.042357e-03
1.917905048824653e-02,1.031738e-03
1.918929048824824e-02,1.021227e-03
1.919953048824996e-02,1.010823e-03
1.920977048825167e-02,1.000525e-03
1.922001048825339e-02,9.903315e-04
1.923025048825510e-02,9.802423e-04
1.924049048825682e-02,9.702558e-04
1.925073048825853e-02,9.603711e-04
1.926097048826025e-02,9.505871e-04
1.927121048826197e-02,9.409027e-04
1.928145048826368e-02,9.313170e-04
1.929169048826540e-02,9.218290e-04
1.930193048826711e-02,9.124377e-04
1.931217048826883e-02,9.031420e-04
1.932241048827054e-02,8.939410e-04
1.933265048827226e-02,8.848337e-04
1.934289048827397e-02,8.758193e-04
1.935313048827569e-02,8.668966e-04
1.936337048827741e-02,8.580649e-04
1.937361048827912e-02,8.493232e-04
1.938385048828084e-02,8.406705e-04
1.939409048828255e-02,8.321059e-04
1.940433048828427e-02,8.236287e-04
1.941457048828598e-02,8.152378e-04
1.942481048828770e-02,8.069323e-04
1.943505048828941e-02,7.987115e-04
1.944529048829113e-02,7.905744e-04
1.945553048829285e-02,7.825202e-04
1.946577048829456e-02,7.745481e-04
1.947601048829628e-02,7.666572e-04
1.948625048829799e-02,7.588467e-04
1.949649048829971e-02,7.511157e-04
1.950673048830142e-02,7.434636e-04
1.951697048830314e-02,7.358894e-04
1.952721048830485e-02,7.283923e-04
1.953745048830657e-02,7.209716e-04
1.954769048830829e-02,7.136265e-04
1.955793048831000e-02,7.063563e-04
1.956817048831172e-02,6.991601e-04
1.957841048831343e-02,6.920372e-04
1.958865048831515e-02,6.849869e-04
1.959889048831686e-02,6.780085e-04
1.960913048831858e-02,6.711011e-04
1.961937048832029e-02,6.642641e-04
1.962961048832201e-02,6.574967e-04
1.963985048832373e-02,6.507983e-04
1.965009048832544e-02,6.441681e-04
1.966033048832716e-02,6.376055e-04
1.967057048832887e-02,6.311098e-04
1.968081048833059e-02,6.246801e-04
1.969105048833230e-02,6.183161e-04
1.970129048833402e-02,6.120168e-04
1.971153048833573e-02,6.057817e-04
1.972177048833745e-02,5.996102e-04
1.973201048833917e-02,5.935015e-04
1.974225048834088e-02,5.874551e-04
1.975249048834260e-02,5.814702e-04
1.976273048834431e-02,5.755463e-04
1.977297048834603e-02,5.696828e-04
1.978321048834774e-02,5.638790e-04
1.979345048834946e-02,5.581344e-04
1.980369048835117e-02,5.524483e-04
1.981393048835289e-02,5.468201e-04
1.982417048835461e-02,5.412492e-04
1.983441048835632e-02,5.357350e-04
1.984465048835804e-02,5.302771e-04
1.985489048835975e-02,5.248748e-04
1.986513048836147e-02,5.195275e-04
1.987537048836318e-02,5.142347e-04
1.988561048836490e-02,5.089958e-04
1.989585048836661e-02,5.038103e-04
1.990609048836833e-02,4.986776e-04
1.991633048837005e-02,4.935972e-04
1.992657048837176e-02,4.885686e-04
1.993681048837348e-02,4.835911e-04
1.994705048837519e-02,4.786644e-04
1.995729048837691e-02,4.737879e-04
1.996753048837862e-02,4.689611e-04
1.997777048838034e-02,4.641834e-04
1.998801048838205e-02,4.594544e-04
1.999825048838377e-02,4.547736e-04
1.999999048838406e-02,4.539830e-04
2.000000000000000e-02,4.539787e-04
